mse,nmse,snr,psnr,K
0.2,0.8968609865470852,20.588054866759066,22.55272505103306,1.5
